                  epoch,             train/loss,  metrics/accuracy_top1,  metrics/accuracy_top5,               val/loss,                 lr/pg0,                 lr/pg1,                 lr/pg2
                      1,                0.16252,                0.88108,                      1,                 0.5027,              0.0002369,              0.0002369,              0.0002369
                      2,                0.03632,                0.90405,                      1,                0.49176,             0.00031818,             0.00031818,             0.00031818
                      3,                0.01699,                0.88784,                      1,                0.49067,             0.00024239,             0.00024239,             0.00024239
